Word,Meaning,Example
Aberration,A departure from what is normal or expected,The sudden drop in temperature was an aberration for this season.
Benevolent,Well meaning and kindly,She was known as a benevolent leader who cared for her employees.
Candid,Truthful and straightforward,He gave a candid review of the movie.
Diligent,Showing care and effort in work,She is a diligent student who studies every day.
Eloquent,Fluent or persuasive in speaking or writing,The speaker gave an eloquent speech on climate change.
Frugal,Sparing or economical with money,He is frugal and saves most of his earnings.
Gregarious,Fond of company; sociable,She is a gregarious person who enjoys parties.
Hinder,To create difficulties resulting in delay,Lack of funds can hinder progress.
Impeccable,In accordance with the highest standards,Her impeccable manners impressed everyone.
Juxtapose,Place close together for contrast,The artist juxtaposed light and dark colors.
Keen,Having or showing eagerness or enthusiasm,He has a keen interest in learning Python.
Lucid,Expressed clearly; easy to understand,The teacher gave a lucid explanation of the topic.
Meticulous,Showing great attention to detail,She is meticulous when it comes to her work.
Novice,A person new to a field,"As a novice, he is still learning the basics."
Obsolete,No longer produced or used,Old floppy disks are now obsolete.
